Model,Avg Cosine Similarity,Inference Time (s),Model Size (MB),TOPSIS Score,Rank
sentence-transformers/all-MiniLM-L6-v2,0.3876173,0.14835906028747559,86.64404296875,0.028651842068441596,3.0
sentence-transformers/all-roberta-large-v1,0.4911058,0.45598936080932617,1355.58984375,0.6706095615547892,1.0
bert-base-uncased,0.7434565,0.13208305835723877,417.6416015625,0.4538724385951223,2.0
